[
  {
    "tag_id": "tag_123456",
    "finished_tag_number": "NMP-001-2025",
    "work_order_number": "WO-20250531-200247",
    "customer_name": "samuel",
    "customer_po": "23456",
    "incoming_tag_number": "INC-001",
    "material_grade": "A572 Gr 50",
    "material_description": "Hot Rolled Steel Plate",
    "heat_number": "H123456",
    "thickness": "0.25",
    "width": "48",
    "length": "120",
    "pieces": "4",
    "finished_weight": "2850.5",
    "job_type": "Cut to Length",
    "timestamp": "2025-05-31T10:30:00Z"
  },
  {
    "tag_id": "tag_123457",
    "finished_tag_number": "NMP-002-2025",
    "work_order_number": "WO-20250531-200247",
    "customer_name": "samuel",
    "customer_po": "23456",
    "incoming_tag_number": "INC-002",
    "material_grade": "A572 Gr 50",
    "material_description": "Hot Rolled Steel Coil",
    "heat_number": "H123457",
    "thickness": "0.1875",
    "width": "24",
    "length": "coil",
    "pieces": "2",
    "finished_weight": "1825.25",
    "job_type": "Slitting",
    "timestamp": "2025-05-31T14:15:00Z"
  },
  {
    "tag_id": "144024",
    "finished_tag_number": "NMP-144024-2025",
    "work_order_number": "WO-20250601-143939",
    "customer_name": "TEST CUSTOMER",
    "customer_po": "TEST12345",
    "incoming_tag_number": "12345",
    "material_grade": "A572 Gr 50",
    "material_description": "Hot Rolled Steel Plate",
    "heat_number": "H789012",
    "thickness": "0.25",
    "width": "48",
    "length": "120",
    "pieces": "50",
    "finished_weight": "3000",
    "job_type": "Cut to Length",
    "timestamp": "2025-06-01T14:42:23Z"
  }
]