[
  {
    "invoice_number": "INV0601250129",
    "work_order_number": "WO-20250531-200247",
    "customer_name": "samuel",
    "customer_po": "23456",
    "bol_number": "BL734193",
    "date_generated": "2025-06-01T01:29:37.871107",
    "pricing_method": "cwt",
    "rate_or_amount": "12.50",
    "subtotal": 584.46875,
    "total": 584.46875,
    "filename": "NMP-INVOICE-2025-06-01-WOWO-20250531-200247-PO23456.pdf",
    "filepath": "pdf_outputs/NMP-INVOICE-2025-06-01-WOWO-20250531-200247-PO23456.pdf",
    "notes": "Rush order - expedited processing",
    "line_items_count": 2
  },
  {
    "invoice_number": "INV0601250134",
    "work_order_number": "WO-20250531-200247",
    "customer_name": "samuel",
    "customer_po": "23456",
    "bol_number": "BL734193",
    "date_generated": "2025-06-01T01:34:13.911672",
    "pricing_method": "cwt",
    "rate_or_amount": "18.50",
    "subtotal": 865.0137500000001,
    "total": 865.0137500000001,
    "filename": "NMP-INVOICE-2025-06-01-WOWO-20250531-200247-PO23456.pdf",
    "filepath": "pdf_outputs/NMP-INVOICE-2025-06-01-WOWO-20250531-200247-PO23456.pdf",
    "notes": "Test invoice with Google Drive upload",
    "line_items_count": 2
  },
  {
    "invoice_number": "INV0601251402",
    "work_order_number": "WO-20250601-132042",
    "customer_name": "TIMBERLEA",
    "customer_po": "12345645",
    "bol_number": null,
    "date_generated": "2025-06-01T14:02:36.705832",
    "pricing_method": "lot",
    "rate_or_amount": "1500",
    "subtotal": 1500.0,
    "total": 1500.0,
    "filename": "NMP-INVOICE-2025-06-01-WOWO-20250601-132042-PO12345645.pdf",
    "filepath": "pdf_outputs/NMP-INVOICE-2025-06-01-WOWO-20250601-132042-PO12345645.pdf",
    "notes": "",
    "line_items_count": 1
  },
  {
    "invoice_number": "INV0601251402",
    "work_order_number": "WO-20250601-132042",
    "customer_name": "TIMBERLEA",
    "customer_po": "12345645",
    "bol_number": null,
    "date_generated": "2025-06-01T14:02:39.047086",
    "pricing_method": "lot",
    "rate_or_amount": "1500",
    "subtotal": 1500.0,
    "total": 1500.0,
    "filename": "NMP-INVOICE-2025-06-01-WOWO-20250601-132042-PO12345645.pdf",
    "filepath": "pdf_outputs/NMP-INVOICE-2025-06-01-WOWO-20250601-132042-PO12345645.pdf",
    "notes": "",
    "line_items_count": 1
  },
  {
    "invoice_number": "INV0601251411",
    "work_order_number": "WO-20250601-132042",
    "customer_name": "TIMBERLEA",
    "customer_po": "12345645",
    "bol_number": null,
    "date_generated": "2025-06-01T14:11:48.569677",
    "pricing_method": "cwt",
    "rate_or_amount": "5.25",
    "subtotal": 0,
    "total": 0,
    "filename": "NMP-INVOICE-2025-06-01-WOWO-20250601-132042-PO12345645.pdf",
    "filepath": "pdf_outputs/NMP-INVOICE-2025-06-01-WOWO-20250601-132042-PO12345645.pdf",
    "notes": "thanks",
    "line_items_count": 0
  },
  {
    "invoice_number": "INV0601251411",
    "work_order_number": "WO-20250601-132042",
    "customer_name": "TIMBERLEA",
    "customer_po": "12345645",
    "bol_number": null,
    "date_generated": "2025-06-01T14:11:51.133474",
    "pricing_method": "cwt",
    "rate_or_amount": "5.25",
    "subtotal": 0,
    "total": 0,
    "filename": "NMP-INVOICE-2025-06-01-WOWO-20250601-132042-PO12345645.pdf",
    "filepath": "pdf_outputs/NMP-INVOICE-2025-06-01-WOWO-20250601-132042-PO12345645.pdf",
    "notes": "thanks",
    "line_items_count": 0
  },
  {
    "invoice_number": "INV0601251422",
    "work_order_number": "WO-20250531-204204",
    "customer_name": "TIMBERLEA",
    "customer_po": "2345645",
    "bol_number": null,
    "date_generated": "2025-06-01T14:22:56.709359",
    "pricing_method": "cwt",
    "rate_or_amount": "5.25",
    "subtotal": 0,
    "total": 0,
    "filename": "NMP-INVOICE-2025-06-01-WOWO-20250531-204204-PO2345645.pdf",
    "filepath": "pdf_outputs/NMP-INVOICE-2025-06-01-WOWO-20250531-204204-PO2345645.pdf",
    "notes": "test",
    "line_items_count": 0
  },
  {
    "invoice_number": "INV0601251422",
    "work_order_number": "WO-20250531-204204",
    "customer_name": "TIMBERLEA",
    "customer_po": "2345645",
    "bol_number": null,
    "date_generated": "2025-06-01T14:22:59.708482",
    "pricing_method": "cwt",
    "rate_or_amount": "5.25",
    "subtotal": 0,
    "total": 0,
    "filename": "NMP-INVOICE-2025-06-01-WOWO-20250531-204204-PO2345645.pdf",
    "filepath": "pdf_outputs/NMP-INVOICE-2025-06-01-WOWO-20250531-204204-PO2345645.pdf",
    "notes": "test",
    "line_items_count": 0
  },
  {
    "invoice_number": "INV0601251433",
    "work_order_number": "WO-20250601-132042",
    "customer_name": "TIMBERLEA",
    "customer_po": "12345645",
    "bol_number": null,
    "date_generated": "2025-06-01T14:33:51.607850",
    "pricing_method": "lot",
    "rate_or_amount": "2000",
    "subtotal": 2000.0,
    "total": 2000.0,
    "filename": "NMP-INVOICE-2025-06-01-WOWO-20250601-132042-PO12345645.pdf",
    "filepath": "pdf_outputs/NMP-INVOICE-2025-06-01-WOWO-20250601-132042-PO12345645.pdf",
    "notes": "",
    "line_items_count": 1
  },
  {
    "invoice_number": "INV0601251433",
    "work_order_number": "WO-20250601-132042",
    "customer_name": "TIMBERLEA",
    "customer_po": "12345645",
    "bol_number": null,
    "date_generated": "2025-06-01T14:33:54.269679",
    "pricing_method": "lot",
    "rate_or_amount": "2000",
    "subtotal": 2000.0,
    "total": 2000.0,
    "filename": "NMP-INVOICE-2025-06-01-WOWO-20250601-132042-PO12345645.pdf",
    "filepath": "pdf_outputs/NMP-INVOICE-2025-06-01-WOWO-20250601-132042-PO12345645.pdf",
    "notes": "",
    "line_items_count": 1
  },
  {
    "invoice_number": "INV0601251446",
    "work_order_number": "WO-20250601-143939",
    "customer_name": "TEST CUSTOMER ",
    "customer_po": "TEST12345",
    "bol_number": "BL789129",
    "date_generated": "2025-06-01T14:46:27.001457",
    "pricing_method": "cwt",
    "rate_or_amount": "5.25",
    "subtotal": 0.0,
    "total": 0.0,
    "filename": "NMP-INVOICE-2025-06-01-WOWO-20250601-143939-POTEST12345.pdf",
    "filepath": "pdf_outputs/NMP-INVOICE-2025-06-01-WOWO-20250601-143939-POTEST12345.pdf",
    "notes": "",
    "line_items_count": 1
  },
  {
    "invoice_number": "INV0601251446",
    "work_order_number": "WO-20250601-143939",
    "customer_name": "TEST CUSTOMER ",
    "customer_po": "TEST12345",
    "bol_number": "BL789129",
    "date_generated": "2025-06-01T14:46:34.509117",
    "pricing_method": "cwt",
    "rate_or_amount": "5.25",
    "subtotal": 0.0,
    "total": 0.0,
    "filename": "NMP-INVOICE-2025-06-01-WOWO-20250601-143939-POTEST12345.pdf",
    "filepath": "pdf_outputs/NMP-INVOICE-2025-06-01-WOWO-20250601-143939-POTEST12345.pdf",
    "notes": "",
    "line_items_count": 1
  }
]