[
  {
    "work_order_number": "WO-20250601-143939",
    "quote_number": "",
    "customer_name": "TEST CUSTOMER ",
    "customer_po": "TEST12345",
    "date_required": "2025-06-07",
    "date_created": "2025-06-01",
    "tolerance": "",
    "notes": "",
    "max_skid_weight": "",
    "pieces_per_skid": "",
    "max_od": "72",
    "wood_spacers": true,
    "paper_wrapped": false,
    "coil_direction": "CCW",
    "split_coil": true,
    "process_type": "both",
    "ctl_jobs": [],
    "slitting_jobs": []
  },
  {
    "work_order_number": "WO-20250601-132042",
    "quote_number": "Q250601-0915",
    "customer_name": "TIMBERLEA",
    "customer_po": "12345645",
    "date_required": "2025-06-05",
    "date_created": "2025-06-01",
    "tolerance": "",
    "notes": "",
    "max_skid_weight": "",
    "pieces_per_skid": "",
    "max_od": "72",
    "wood_spacers": true,
    "paper_wrapped": false,
    "coil_direction": "CW",
    "split_coil": true,
    "process_type": "both",
    "ctl_jobs": [],
    "slitting_jobs": []
  },
  {
    "work_order_number": "WO-20250531-204908",
    "quote_number": "12351",
    "customer_name": "CleanTest",
    "customer_po": "77777",
    "date_required": "2025-06-12",
    "date_created": "2025-05-31",
    "tolerance": "",
    "notes": "final_clean_structure_test",
    "max_skid_weight": "5000",
    "pieces_per_skid": "50",
    "max_od": "72",
    "wood_spacers": false,
    "paper_wrapped": false,
    "coil_direction": "",
    "split_coil": false,
    "process_type": "both",
    "ctl_jobs": [],
    "slitting_jobs": []
  },
  {
    "work_order_number": "WO-20250531-204846",
    "quote_number": "12350",
    "customer_name": "ACME",
    "customer_po": "88888",
    "date_required": "2025-06-11",
    "date_created": "2025-05-31",
    "tolerance": "",
    "notes": "testing_no_subfolders",
    "max_skid_weight": "5000",
    "pieces_per_skid": "50",
    "max_od": "72",
    "wood_spacers": false,
    "paper_wrapped": false,
    "coil_direction": "",
    "split_coil": false,
    "process_type": "both",
    "ctl_jobs": [],
    "slitting_jobs": []
  },
  {
    "work_order_number": "WO-20250531-204643",
    "quote_number": "12349",
    "customer_name": "TestCustomer",
    "customer_po": "99999",
    "date_required": "2025-06-10",
    "date_created": "2025-05-31",
    "tolerance": "",
    "notes": "testing_direct_po_upload",
    "max_skid_weight": "5000",
    "pieces_per_skid": "50",
    "max_od": "72",
    "wood_spacers": false,
    "paper_wrapped": false,
    "coil_direction": "",
    "split_coil": false,
    "process_type": "both",
    "ctl_jobs": [],
    "slitting_jobs": []
  },
  {
    "work_order_number": "WO-20250531-204204",
    "quote_number": "000090",
    "customer_name": "TIMBERLEA",
    "customer_po": "2345645",
    "date_required": "2025-05-31",
    "date_created": "2025-05-31",
    "tolerance": "",
    "notes": "TEST 2",
    "max_skid_weight": "5000",
    "pieces_per_skid": "50",
    "max_od": "72",
    "wood_spacers": true,
    "paper_wrapped": true,
    "coil_direction": "CW",
    "split_coil": true,
    "process_type": "both",
    "ctl_jobs": [],
    "slitting_jobs": []
  },
  {
    "work_order_number": "WO-20250531-203850",
    "quote_number": "12348",
    "customer_name": "samuel",
    "customer_po": "23461",
    "date_required": "2025-06-09",
    "date_created": "2025-05-31",
    "tolerance": "",
    "notes": "testing_enhanced_validation",
    "max_skid_weight": "5000",
    "pieces_per_skid": "50",
    "max_od": "72",
    "wood_spacers": false,
    "paper_wrapped": false,
    "coil_direction": "",
    "split_coil": false,
    "process_type": "both",
    "ctl_jobs": [],
    "slitting_jobs": []
  },
  {
    "work_order_number": "WO-20250531-202724",
    "quote_number": "12347",
    "customer_name": "samuel",
    "customer_po": "23460",
    "date_required": "2025-06-08",
    "date_created": "2025-05-31",
    "tolerance": "",
    "notes": "final_test_work_orders_folder",
    "max_skid_weight": "5000",
    "pieces_per_skid": "50",
    "max_od": "72",
    "wood_spacers": false,
    "paper_wrapped": false,
    "coil_direction": "",
    "split_coil": false,
    "process_type": "both",
    "ctl_jobs": [],
    "slitting_jobs": []
  },
  {
    "work_order_number": "WO-20250531-202650",
    "quote_number": "12346",
    "customer_name": "samuel",
    "customer_po": "23458",
    "date_required": "2025-06-07",
    "date_created": "2025-05-31",
    "tolerance": "",
    "notes": "testing_work_orders_folder",
    "max_skid_weight": "5000",
    "pieces_per_skid": "50",
    "max_od": "72",
    "wood_spacers": false,
    "paper_wrapped": false,
    "coil_direction": "",
    "split_coil": false,
    "process_type": "both",
    "ctl_jobs": [],
    "slitting_jobs": []
  },
  {
    "work_order_number": "WO-20250531-200721",
    "quote_number": "12346",
    "customer_name": "samuel",
    "customer_po": "23457",
    "date_required": "2025-05-31",
    "date_created": "2025-05-31",
    "tolerance": "",
    "notes": "THIS IS A TEST TEST 1!",
    "max_skid_weight": "",
    "pieces_per_skid": "50",
    "max_od": "72",
    "wood_spacers": true,
    "paper_wrapped": true,
    "coil_direction": "CW",
    "split_coil": true,
    "process_type": "both",
    "ctl_jobs": [],
    "slitting_jobs": []
  },
  {
    "work_order_number": "WO-20250531-200247",
    "quote_number": "12345",
    "customer_name": "samuel",
    "customer_po": "23456",
    "date_required": "2025-06-06",
    "date_created": "2025-05-31",
    "tolerance": "",
    "notes": "test_with_your_drive",
    "max_skid_weight": "5000",
    "pieces_per_skid": "50",
    "max_od": "72",
    "wood_spacers": false,
    "paper_wrapped": false,
    "coil_direction": "",
    "split_coil": false,
    "process_type": "both",
    "ctl_jobs": [],
    "slitting_jobs": []
  },
  {
    "work_order_number": "WO-20250531-193957",
    "quote_number": "12345",
    "customer_name": "samuel",
    "customer_po": "23456",
    "date_required": "2025-06-06",
    "date_created": "2025-05-31",
    "tolerance": "",
    "notes": "this is a test",
    "max_skid_weight": "5000",
    "pieces_per_skid": "50",
    "max_od": "72",
    "wood_spacers": true,
    "paper_wrapped": true,
    "coil_direction": "",
    "split_coil": true,
    "process_type": "both",
    "ctl_jobs": [],
    "slitting_jobs": []
  },
  {
    "work_order_number": "WO-20250531-193605",
    "quote_number": "12345",
    "customer_name": "samuel",
    "customer_po": "23456",
    "date_required": "2025-06-06",
    "date_created": "2025-05-31",
    "tolerance": "",
    "notes": "test",
    "max_skid_weight": "5000",
    "pieces_per_skid": "50",
    "max_od": "72",
    "wood_spacers": false,
    "paper_wrapped": false,
    "coil_direction": "",
    "split_coil": false,
    "process_type": "both",
    "ctl_jobs": [],
    "slitting_jobs": []
  },
  {
    "work_order_number": "WO-20250531-192636",
    "quote_number": "12345",
    "customer_name": "samuel",
    "customer_po": "23456",
    "date_required": "2025-06-06",
    "date_created": "2025-05-31",
    "tolerance": "",
    "notes": "test",
    "max_skid_weight": "5000",
    "pieces_per_skid": "50",
    "max_od": "72",
    "wood_spacers": false,
    "paper_wrapped": false,
    "coil_direction": "",
    "split_coil": false,
    "process_type": "both",
    "ctl_jobs": [],
    "slitting_jobs": []
  },
  {
    "work_order_number": "WO-20250531-192515",
    "quote_number": "12345",
    "customer_name": "samuel",
    "customer_po": "23456",
    "date_required": "2025-06-06",
    "date_created": "2025-05-31",
    "tolerance": "",
    "notes": "this is a test",
    "max_skid_weight": "5000",
    "pieces_per_skid": "50",
    "max_od": "72",
    "wood_spacers": true,
    "paper_wrapped": true,
    "coil_direction": "",
    "split_coil": true,
    "process_type": "both",
    "ctl_jobs": [],
    "slitting_jobs": []
  },
  {
    "work_order_number": "WO-20250531-192511",
    "quote_number": "12345",
    "customer_name": "samuel",
    "customer_po": "23456",
    "date_required": "2025-06-06",
    "date_created": "2025-05-31",
    "tolerance": "",
    "notes": "this is a test",
    "max_skid_weight": "5000",
    "pieces_per_skid": "50",
    "max_od": "72",
    "wood_spacers": true,
    "paper_wrapped": true,
    "coil_direction": "",
    "split_coil": true,
    "process_type": "both",
    "ctl_jobs": [],
    "slitting_jobs": []
  },
  {
    "work_order_number": "WO-20250531-192511",
    "quote_number": "12345",
    "customer_name": "samuel",
    "customer_po": "23456",
    "date_required": "2025-06-06",
    "date_created": "2025-05-31",
    "tolerance": "",
    "notes": "this is a test",
    "max_skid_weight": "5000",
    "pieces_per_skid": "50",
    "max_od": "72",
    "wood_spacers": true,
    "paper_wrapped": true,
    "coil_direction": "",
    "split_coil": true,
    "process_type": "both",
    "ctl_jobs": [],
    "slitting_jobs": []
  },
  {
    "work_order_number": "WO-20250531-192510",
    "quote_number": "12345",
    "customer_name": "samuel",
    "customer_po": "23456",
    "date_required": "2025-06-06",
    "date_created": "2025-05-31",
    "tolerance": "",
    "notes": "this is a test",
    "max_skid_weight": "5000",
    "pieces_per_skid": "50",
    "max_od": "72",
    "wood_spacers": true,
    "paper_wrapped": true,
    "coil_direction": "",
    "split_coil": true,
    "process_type": "both",
    "ctl_jobs": [],
    "slitting_jobs": []
  },
  {
    "work_order_number": "WO-20250531-192508",
    "quote_number": "12345",
    "customer_name": "samuel",
    "customer_po": "23456",
    "date_required": "2025-06-06",
    "date_created": "2025-05-31",
    "tolerance": "",
    "notes": "this is a test",
    "max_skid_weight": "5000",
    "pieces_per_skid": "50",
    "max_od": "72",
    "wood_spacers": true,
    "paper_wrapped": true,
    "coil_direction": "",
    "split_coil": true,
    "process_type": "both",
    "ctl_jobs": [],
    "slitting_jobs": []
  },
  {
    "work_order_number": "WO-20250531-192355",
    "quote_number": "12345",
    "customer_name": "samuel",
    "customer_po": "23456",
    "date_required": "2025-06-06",
    "date_created": "2025-05-31",
    "tolerance": "",
    "notes": "test",
    "max_skid_weight": "5000",
    "pieces_per_skid": "50",
    "max_od": "72",
    "wood_spacers": false,
    "paper_wrapped": false,
    "coil_direction": "",
    "split_coil": false,
    "process_type": "both",
    "ctl_jobs": [],
    "slitting_jobs": []
  },
  {
    "work_order_number": "WO-20250531-192330",
    "quote_number": "12345",
    "customer_name": "samuel",
    "customer_po": "23456",
    "date_required": "2025-06-06",
    "date_created": "2025-05-31",
    "tolerance": "",
    "notes": "test",
    "max_skid_weight": "5000",
    "pieces_per_skid": "50",
    "max_od": "72",
    "wood_spacers": false,
    "paper_wrapped": false,
    "coil_direction": "",
    "split_coil": false,
    "process_type": "both",
    "ctl_jobs": [],
    "slitting_jobs": []
  },
  {
    "work_order_number": "WO-20250531-192232",
    "quote_number": "12345",
    "customer_name": "samuel",
    "customer_po": "23456",
    "date_required": "2025-06-06",
    "date_created": "2025-05-31",
    "tolerance": "",
    "notes": "this is a test",
    "max_skid_weight": "5000",
    "pieces_per_skid": "50",
    "max_od": "72",
    "wood_spacers": true,
    "paper_wrapped": true,
    "coil_direction": "",
    "split_coil": true,
    "process_type": "both",
    "ctl_jobs": [],
    "slitting_jobs": []
  },
  {
    "work_order_number": "WO-20250531-192232",
    "quote_number": "12345",
    "customer_name": "samuel",
    "customer_po": "23456",
    "date_required": "2025-06-06",
    "date_created": "2025-05-31",
    "tolerance": "",
    "notes": "this is a test",
    "max_skid_weight": "5000",
    "pieces_per_skid": "50",
    "max_od": "72",
    "wood_spacers": true,
    "paper_wrapped": true,
    "coil_direction": "",
    "split_coil": true,
    "process_type": "both",
    "ctl_jobs": [],
    "slitting_jobs": []
  },
  {
    "work_order_number": "WO-20250531-192226",
    "quote_number": "12345",
    "customer_name": "samuel",
    "customer_po": "23456",
    "date_required": "2025-06-06",
    "date_created": "2025-05-31",
    "tolerance": "",
    "notes": "this is a test",
    "max_skid_weight": "5000",
    "pieces_per_skid": "50",
    "max_od": "72",
    "wood_spacers": true,
    "paper_wrapped": true,
    "coil_direction": "",
    "split_coil": true,
    "process_type": "both",
    "ctl_jobs": [],
    "slitting_jobs": []
  },
  {
    "work_order_number": "WO-20250531-192225",
    "quote_number": "12345",
    "customer_name": "samuel",
    "customer_po": "23456",
    "date_required": "2025-06-06",
    "date_created": "2025-05-31",
    "tolerance": "",
    "notes": "this is a test",
    "max_skid_weight": "5000",
    "pieces_per_skid": "50",
    "max_od": "72",
    "wood_spacers": true,
    "paper_wrapped": true,
    "coil_direction": "",
    "split_coil": true,
    "process_type": "both",
    "ctl_jobs": [],
    "slitting_jobs": []
  },
  {
    "work_order_number": "WO-20250531-192225",
    "quote_number": "12345",
    "customer_name": "samuel",
    "customer_po": "23456",
    "date_required": "2025-06-06",
    "date_created": "2025-05-31",
    "tolerance": "",
    "notes": "this is a test",
    "max_skid_weight": "5000",
    "pieces_per_skid": "50",
    "max_od": "72",
    "wood_spacers": true,
    "paper_wrapped": true,
    "coil_direction": "",
    "split_coil": true,
    "process_type": "both",
    "ctl_jobs": [],
    "slitting_jobs": []
  },
  {
    "work_order_number": "WO-20250531-191846",
    "quote_number": "12345",
    "customer_name": "samuel",
    "customer_po": "23456",
    "date_required": "2025-05-31",
    "date_created": "2025-05-31",
    "tolerance": "",
    "notes": "this is a test\r\n",
    "max_skid_weight": "5000",
    "pieces_per_skid": "50",
    "max_od": "72",
    "wood_spacers": true,
    "paper_wrapped": true,
    "coil_direction": "CW",
    "split_coil": true,
    "process_type": "both",
    "ctl_jobs": [],
    "slitting_jobs": []
  },
  {
    "work_order_number": "WO-20250531-191840",
    "quote_number": "12345",
    "customer_name": "samuel",
    "customer_po": "23456",
    "date_required": "2025-05-31",
    "date_created": "2025-05-31",
    "tolerance": "",
    "notes": "this is a test\r\n",
    "max_skid_weight": "5000",
    "pieces_per_skid": "50",
    "max_od": "72",
    "wood_spacers": true,
    "paper_wrapped": true,
    "coil_direction": "CW",
    "split_coil": true,
    "process_type": "both",
    "ctl_jobs": [],
    "slitting_jobs": []
  },
  {
    "work_order_number": "WO-20250531-191839",
    "quote_number": "12345",
    "customer_name": "samuel",
    "customer_po": "23456",
    "date_required": "2025-05-31",
    "date_created": "2025-05-31",
    "tolerance": "",
    "notes": "this is a test\r\n",
    "max_skid_weight": "5000",
    "pieces_per_skid": "50",
    "max_od": "72",
    "wood_spacers": true,
    "paper_wrapped": true,
    "coil_direction": "CW",
    "split_coil": true,
    "process_type": "both",
    "ctl_jobs": [],
    "slitting_jobs": []
  },
  {
    "work_order_number": "WO-20250531-191543",
    "quote_number": "12345",
    "customer_name": "samuel",
    "customer_po": "23456",
    "date_required": "2025-06-06",
    "date_created": "2025-05-31",
    "tolerance": "",
    "notes": "this is a test ",
    "max_skid_weight": "5000",
    "pieces_per_skid": "50",
    "max_od": "72",
    "wood_spacers": false,
    "paper_wrapped": false,
    "coil_direction": "",
    "split_coil": false,
    "process_type": "both",
    "ctl_jobs": [],
    "slitting_jobs": []
  },
  {
    "work_order_number": "WO-20250531-191536",
    "quote_number": "12345",
    "customer_name": "samuel",
    "customer_po": "23456",
    "date_required": "2025-06-06",
    "date_created": "2025-05-31",
    "tolerance": "",
    "notes": "this is a test ",
    "max_skid_weight": "5000",
    "pieces_per_skid": "50",
    "max_od": "72",
    "wood_spacers": false,
    "paper_wrapped": false,
    "coil_direction": "",
    "split_coil": false,
    "process_type": "both",
    "ctl_jobs": [],
    "slitting_jobs": []
  },
  {
    "work_order_number": "WO-20250531-191513",
    "quote_number": "12345",
    "customer_name": "samuel",
    "customer_po": "23456",
    "date_required": "2025-06-06",
    "date_created": "2025-05-31",
    "tolerance": "",
    "notes": "this is a test ",
    "max_skid_weight": "5000",
    "pieces_per_skid": "50",
    "max_od": "72",
    "wood_spacers": false,
    "paper_wrapped": false,
    "coil_direction": "",
    "split_coil": false,
    "process_type": "both",
    "ctl_jobs": [],
    "slitting_jobs": []
  },
  {
    "work_order_number": "WO-20250531-191511",
    "quote_number": "12345",
    "customer_name": "samuel",
    "customer_po": "23456",
    "date_required": "2025-06-06",
    "date_created": "2025-05-31",
    "tolerance": "",
    "notes": "this is a test ",
    "max_skid_weight": "5000",
    "pieces_per_skid": "50",
    "max_od": "72",
    "wood_spacers": false,
    "paper_wrapped": false,
    "coil_direction": "",
    "split_coil": false,
    "process_type": "both",
    "ctl_jobs": [],
    "slitting_jobs": []
  },
  {
    "work_order_number": "WO-20250531-191232",
    "quote_number": "12345",
    "customer_name": "samuel",
    "customer_po": "23456",
    "date_required": "2025-06-06",
    "date_created": "2025-05-31",
    "tolerance": "",
    "notes": "this is a test ",
    "max_skid_weight": "5000",
    "pieces_per_skid": "50",
    "max_od": "72",
    "wood_spacers": false,
    "paper_wrapped": false,
    "coil_direction": "",
    "split_coil": false,
    "process_type": "both",
    "ctl_jobs": [],
    "slitting_jobs": []
  },
  {
    "work_order_number": "WO-20250531-191226",
    "quote_number": "12345",
    "customer_name": "samuel",
    "customer_po": "23456",
    "date_required": "2025-06-06",
    "date_created": "2025-05-31",
    "tolerance": "",
    "notes": "this is a test ",
    "max_skid_weight": "5000",
    "pieces_per_skid": "50",
    "max_od": "72",
    "wood_spacers": false,
    "paper_wrapped": false,
    "coil_direction": "",
    "split_coil": false,
    "process_type": "both",
    "ctl_jobs": [],
    "slitting_jobs": []
  },
  {
    "work_order_number": "WO-20250531-191224",
    "quote_number": "12345",
    "customer_name": "samuel",
    "customer_po": "23456",
    "date_required": "2025-06-06",
    "date_created": "2025-05-31",
    "tolerance": "",
    "notes": "this is a test ",
    "max_skid_weight": "5000",
    "pieces_per_skid": "50",
    "max_od": "72",
    "wood_spacers": false,
    "paper_wrapped": false,
    "coil_direction": "",
    "split_coil": false,
    "process_type": "both",
    "ctl_jobs": [],
    "slitting_jobs": []
  },
  {
    "work_order_number": "WO-20250531-044851",
    "quote_number": "Q-2025-001",
    "customer_name": "Test Manufacturing Corp",
    "customer_po": "PO-TEST-2025-001",
    "date_required": "2025-06-15",
    "date_created": "2025-05-31",
    "tolerance": "\u00b10.001",
    "notes": "",
    "max_skid_weight": "",
    "pieces_per_skid": "",
    "max_od": "",
    "wood_spacers": true,
    "paper_wrapped": true,
    "coil_direction": "eye_horizontal",
    "split_coil": false,
    "process_type": "cut_to_length",
    "ctl_jobs": [],
    "slitting_jobs": []
  }
]